{
    "total_score": 0.46799961543681123,
    "aes_score": 0.46837760254188804,
    "motion_smoothness": 0.9718106995884772,
    "motion_amplitude": 0.2854966457704399,
    "facesim_cur": 0.6413698416170971,
    "gme_score": 0.2684258355034722,
    "nexus_score": 0.0,
    "natural_score": 0.7023148148148151
}