{
    "total_score": 0.42410259670173256,
    "aes_score": 0.4674665754733806,
    "motion_smoothness": 0.9586178357128072,
    "motion_amplitude": 0.3124155724170113,
    "facesim_cur": 0.573522871040336,
    "gme_score": 0.0,
    "nexus_score": 0.0,
    "natural_score": 0.7118249534450659
}