{
    "multiobject_24": {
        "motion_fb": 0.013407976366579533,
        "motion_lk": 0.2738588686342593
    },
    "singleobj_8": {
        "motion_fb": 0.2658480703830719,
        "motion_lk": 2.496069878472222
    },
    "multiface_10": {
        "motion_fb": 0.15234917402267456,
        "motion_lk": 1.0461877893518519
    },
    "multiobject_26": {
        "motion_fb": 0.3692578077316284,
        "motion_lk": 0.7775036168981481
    },
    "singleface_28": {
        "motion_fb": 0.8150322437286377,
        "motion_lk": 1.1805671296296294
    },
    "multiface_5": {
        "motion_fb": 0.07503838837146759,
        "motion_lk": 1.4368641493055554
    },
    "singleface_16": {
        "motion_fb": 0.10126207768917084,
        "motion_lk": 0.28473415798611107
    },
    "singleface_12": {
        "motion_fb": 0.16718240082263947,
        "motion_lk": 1.395834056712963
    },
    "singleface_9": {
        "motion_fb": 0.4976508915424347,
        "motion_lk": 0.7928164785879629
    },
    "singlehuman_15": {
        "motion_fb": 1.3028534650802612,
        "motion_lk": 0.5479694733796295
    },
    "singlehuman_14": {
        "motion_fb": 0.38924869894981384,
        "motion_lk": 0.5883865017361111
    },
    "singleface_3": {
        "motion_fb": 0.027204688638448715,
        "motion_lk": 0.7790577980324074
    },
    "multihuman_2": {
        "motion_fb": 0.06508847326040268,
        "motion_lk": 0.03871527777777777
    },
    "singleface_23": {
        "motion_fb": 0.10075873136520386,
        "motion_lk": 0.859208984375
    },
    "singleface_19": {
        "motion_fb": 0.20727548003196716,
        "motion_lk": 0.46147388599537037
    },
    "singlehuman_12": {
        "motion_fb": 0.04097098857164383,
        "motion_lk": 1.607048611111111
    },
    "singleface_18": {
        "motion_fb": 0.00023787944519426674,
        "motion_lk": 1.242984302662037
    },
    "multiface_8": {
        "motion_fb": 0.03258483111858368,
        "motion_lk": 1.7506054687499997
    },
    "singlehuman_27": {
        "motion_fb": 0.5977020859718323,
        "motion_lk": 7.240781973379629
    },
    "singleface_7": {
        "motion_fb": 0.013402801007032394,
        "motion_lk": 1.9538820167824076
    },
    "faceobj_8": {
        "motion_fb": 0.6287016272544861,
        "motion_lk": 3.2273484519675923
    },
    "multihuman_14": {
        "motion_fb": 0.05178423598408699,
        "motion_lk": 1.0098111979166666
    },
    "multiface_13": {
        "motion_fb": 0.0066162049770355225,
        "motion_lk": 0.48026801215277776
    },
    "singleface_22": {
        "motion_fb": 0.024808036163449287,
        "motion_lk": 2.5448701533564817
    },
    "multihuman_13": {
        "motion_fb": 0.021782968193292618,
        "motion_lk": 0.9505277054398147
    },
    "multiobject_1": {
        "motion_fb": 0.16482394933700562,
        "motion_lk": 2.424703414351852
    },
    "faceobj_3": {
        "motion_fb": 0.27537912130355835,
        "motion_lk": 1.344910662615741
    },
    "faceobj_1": {
        "motion_fb": 0.03288881480693817,
        "motion_lk": 0.701546947337963
    },
    "singleobj_28": {
        "motion_fb": 0.3056117594242096,
        "motion_lk": 5.841406973379629
    },
    "singleobj_26": {
        "motion_fb": 0.14010296761989594,
        "motion_lk": 2.932032696759259
    },
    "singlehuman_9": {
        "motion_fb": 0.022294458001852036,
        "motion_lk": 2.9789058883101855
    },
    "faceobj_13": {
        "motion_fb": 0.07430727034807205,
        "motion_lk": 1.6507881221064815
    },
    "singlehuman_30": {
        "motion_fb": 0.08983903378248215,
        "motion_lk": 1.807608868634259
    },
    "singleface_24": {
        "motion_fb": 0.4819469451904297,
        "motion_lk": 1.9377694589120371
    },
    "singleobj_3": {
        "motion_fb": 0.12625858187675476,
        "motion_lk": 1.359109519675926
    },
    "singlehuman_5": {
        "motion_fb": 0.014938103035092354,
        "motion_lk": 3.152423321759259
    },
    "multihuman_8": {
        "motion_fb": 0.008875401690602303,
        "motion_lk": 3.403484881365741
    },
    "singlehuman_3": {
        "motion_fb": 0.18976804614067078,
        "motion_lk": 1.5173810040509261
    },
    "singleface_2": {
        "motion_fb": 0.965022623538971,
        "motion_lk": 0.7558676938657406
    },
    "humanobj_2": {
        "motion_fb": 0.22981484234333038,
        "motion_lk": 5.473465711805556
    },
    "multiobject_19": {
        "motion_fb": 0.004932811018079519,
        "motion_lk": 0.180693359375
    },
    "singleface_15": {
        "motion_fb": 0.06219020113348961,
        "motion_lk": 2.102957175925926
    },
    "singleface_21": {
        "motion_fb": 0.11780313402414322,
        "motion_lk": 1.7409067563657408
    },
    "multiobject_25": {
        "motion_fb": 0.06941167265176773,
        "motion_lk": 2.3473795572916667
    },
    "singlehuman_23": {
        "motion_fb": 0.252294659614563,
        "motion_lk": 2.566352719907407
    },
    "singlehuman_29": {
        "motion_fb": 0.29678699374198914,
        "motion_lk": 4.975754123263888
    },
    "multiobject_29": {
        "motion_fb": 0.2300715446472168,
        "motion_lk": 1.3693485966435186
    },
    "singlehuman_11": {
        "motion_fb": 0.07141555845737457,
        "motion_lk": 1.1169375723379629
    },
    "singleface_10": {
        "motion_fb": 0.04042596369981766,
        "motion_lk": 0.36675238715277775
    },
    "humanobj_8": {
        "motion_fb": 0.028810083866119385,
        "motion_lk": 0.3681828703703704
    },
    "singlehuman_17": {
        "motion_fb": 0.07911613583564758,
        "motion_lk": 2.228042896412037
    },
    "singlehuman_6": {
        "motion_fb": 0.004511705134063959,
        "motion_lk": 0.6188841869212963
    },
    "singlehuman_21": {
        "motion_fb": 0.7395511865615845,
        "motion_lk": 1.201531032986111
    },
    "singlehuman_7": {
        "motion_fb": 1.3077788352966309,
        "motion_lk": 1.0131749131944445
    },
    "singleface_8": {
        "motion_fb": 0.09590808302164078,
        "motion_lk": 0.7098817274305556
    },
    "multiobject_11": {
        "motion_fb": 0.25863707065582275,
        "motion_lk": 0.7764478443287037
    },
    "singleobj_10": {
        "motion_fb": 0.046840958297252655,
        "motion_lk": 1.3457121672453705
    },
    "multiface_12": {
        "motion_fb": 0.13151784241199493,
        "motion_lk": 3.442015335648149
    },
    "faceobj_4": {
        "motion_fb": 2.5875253677368164,
        "motion_lk": 5.682458767361111
    },
    "multiobject_28": {
        "motion_fb": 0.005660816561430693,
        "motion_lk": 0.16921404803240742
    },
    "multiobject_8": {
        "motion_fb": 0.41653454303741455,
        "motion_lk": 4.648441840277778
    },
    "multiobject_30": {
        "motion_fb": 0.12074477225542068,
        "motion_lk": 0.810125144675926
    },
    "multihuman_1": {
        "motion_fb": 0.2818616032600403,
        "motion_lk": 2.950639467592593
    },
    "singleface_26": {
        "motion_fb": 0.3130103349685669,
        "motion_lk": 1.721956741898148
    },
    "singleobj_5": {
        "motion_fb": 0.037973999977111816,
        "motion_lk": 3.730981626157407
    },
    "multiface_3": {
        "motion_fb": 0.0011853940086439252,
        "motion_lk": 1.7252105034722223
    },
    "singlehuman_28": {
        "motion_fb": 0.6498576402664185,
        "motion_lk": 1.3997399450231482
    },
    "faceobj_7": {
        "motion_fb": 1.1359907388687134,
        "motion_lk": 3.231865596064815
    },
    "multihuman_4": {
        "motion_fb": 0.2048017680644989,
        "motion_lk": 0.942013888888889
    },
    "singlehuman_19": {
        "motion_fb": 0.006904257461428642,
        "motion_lk": 0.46504304108796296
    },
    "multihuman_5": {
        "motion_fb": 0.1284181773662567,
        "motion_lk": 0.6924584056712964
    },
    "singleobj_1": {
        "motion_fb": 0.48851278424263,
        "motion_lk": 0.6657526765046297
    },